CustomerID,CustomerName,Age,Gender,AccountBalance,AccountType,LoanAmount,LoanStatus,CreditScore,Branch
1,Customer_1,56,Female,8637.4,Checking,170.94,Rejected,307,Branch_1
2,Customer_2,69,Male,9500.25,Business,4933.46,Approved,600,Branch_5
3,Customer_3,46,Male,1556.03,Savings,614.85,Pending,642,Branch_4
4,Customer_4,32,Female,9273.22,Business,1155.65,Rejected,730,Branch_2
5,Customer_5,60,Male,4971.95,Savings,258.48,Approved,723,Branch_3
6,Customer_6,25,Male,2656.62,Savings,3200.01,Pending,631,Branch_4
7,Customer_7,38,Female,4645.44,Business,1123.51,Pending,737,Branch_1
8,Customer_8,56,Male,9802.32,Checking,900.05,Rejected,473,Branch_1
9,Customer_9,36,Male,4976.92,Savings,442.78,Pending,826,Branch_3
10,Customer_10,40,Male,3354.64,Savings,516.54,Approved,325,Branch_2
11,Customer_11,28,Female,6370.67,Savings,2923.35,Pending,705,Branch_4
12,Customer_12,28,Female,2477.44,Business,3441.04,Approved,531,Branch_2
13,Customer_13,41,Female,851.05,Checking,1986.89,Pending,832,Branch_1
14,Customer_14,53,Male,1375.91,Business,2399.49,Rejected,849,Branch_2
15,Customer_15,57,Male,1367.65,Business,3429.84,Approved,804,Branch_1
16,Customer_16,41,Female,1603.84,Checking,86.9,Pending,478,Branch_2
17,Customer_17,20,Male,1474.39,Business,1615.65,Pending,431,Branch_3
18,Customer_18,39,Male,6444.66,Checking,4865.49,Pending,754,Branch_5
19,Customer_19,19,Female,1900.61,Savings,2900.56,Approved,647,Branch_3
20,Customer_20,41,Female,3522.11,Checking,1271.12,Approved,839,Branch_3
21,Customer_21,61,Male,8978.21,Savings,2608.65,Approved,705,Branch_5
22,Customer_22,47,Male,4792.22,Business,1713.27,Rejected,375,Branch_5
23,Customer_23,55,Male,6708.82,Business,2661.22,Rejected,791,Branch_4
24,Customer_24,19,Female,1805.97,Savings,628.71,Approved,493,Branch_4
25,Customer_25,38,Female,2003.66,Business,663.57,Pending,461,Branch_3
26,Customer_26,50,Female,504.6,Checking,717.71,Rejected,646,Branch_3
27,Customer_27,29,Female,1772.46,Savings,4699.1,Approved,660,Branch_1
28,Customer_28,39,Male,2858.04,Business,3664.49,Pending,386,Branch_1
29,Customer_29,61,Female,1852.4,Savings,811.91,Rejected,561,Branch_4
30,Customer_30,42,Female,978.16,Checking,941.75,Pending,513,Branch_4
31,Customer_31,66,Female,1294.3,Checking,3654.15,Pending,561,Branch_1
32,Customer_32,44,Female,4661.71,Business,780.82,Pending,582,Branch_1
33,Customer_33,59,Female,2142.7,Checking,1172.81,Pending,766,Branch_2
34,Customer_34,45,Male,3706.27,Savings,4816.73,Rejected,679,Branch_2
35,Customer_35,33,Male,5083.83,Checking,1276.53,Rejected,661,Branch_1
36,Customer_36,32,Female,6934.91,Savings,3308.16,Rejected,748,Branch_2
37,Customer_37,64,Male,489.19,Savings,4893.16,Approved,740,Branch_5
38,Customer_38,68,Female,8014.16,Checking,1871.48,Rejected,392,Branch_4
39,Customer_39,61,Female,6316.21,Business,87.58,Pending,723,Branch_4
40,Customer_40,69,Male,909.41,Checking,1220.74,Rejected,441,Branch_1
41,Customer_41,20,Male,8748.43,Savings,4154.39,Pending,590,Branch_3
42,Customer_42,54,Female,9216.64,Savings,4323.04,Approved,731,Branch_1
43,Customer_43,68,Female,704.67,Checking,3842.6,Pending,348,Branch_2
44,Customer_44,24,Female,2841.09,Business,565.55,Pending,601,Branch_3
45,Customer_45,38,Male,8081.39,Business,3977.55,Pending,489,Branch_2
46,Customer_46,26,Female,7507.77,Savings,4593.39,Approved,435,Branch_5
47,Customer_47,56,Female,1926.76,Savings,3003.05,Rejected,703,Branch_2
48,Customer_48,35,Female,2172.56,Business,4704.38,Rejected,640,Branch_5
49,Customer_49,21,Male,3767.67,Checking,4134.19,Approved,617,Branch_5
50,Customer_50,42,Female,4896.78,Savings,3334.86,Pending,662,Branch_2
51,Customer_51,31,Female,6220.72,Savings,2885.93,Rejected,681,Branch_2
52,Customer_52,67,Male,3752.25,Business,1742.87,Approved,532,Branch_5
53,Customer_53,26,Female,4679.09,Checking,796.44,Rejected,643,Branch_3
54,Customer_54,43,Female,7499.96,Business,3024.77,Approved,848,Branch_5
55,Customer_55,19,Male,463.16,Checking,1590.56,Pending,828,Branch_4
56,Customer_56,37,Female,2599.13,Checking,4332.19,Rejected,482,Branch_5
57,Customer_57,45,Male,7162.16,Checking,4966.68,Approved,340,Branch_3
58,Customer_58,64,Male,8962.55,Savings,3762.14,Rejected,696,Branch_4
59,Customer_59,24,Female,5165.61,Business,452.41,Rejected,793,Branch_1
60,Customer_60,61,Female,5367.92,Business,1443.43,Rejected,632,Branch_1
61,Customer_61,25,Female,1161.0,Checking,545.55,Rejected,426,Branch_3
62,Customer_62,64,Female,4529.38,Savings,3252.56,Approved,300,Branch_5
63,Customer_63,52,Male,5372.91,Savings,3825.95,Pending,467,Branch_2
64,Customer_64,31,Female,2500.46,Business,4628.37,Approved,318,Branch_3
65,Customer_65,34,Male,2765.51,Savings,2190.86,Approved,631,Branch_4
66,Customer_66,53,Female,3835.11,Savings,4506.88,Approved,755,Branch_4
67,Customer_67,67,Female,298.7,Checking,4389.46,Pending,408,Branch_1
68,Customer_68,57,Female,3288.58,Savings,1585.98,Rejected,567,Branch_4
69,Customer_69,21,Male,2193.34,Checking,4344.5,Rejected,744,Branch_3
70,Customer_70,19,Female,3342.22,Business,1878.36,Rejected,539,Branch_4
71,Customer_71,23,Female,1285.65,Savings,1484.35,Pending,600,Branch_3
72,Customer_72,59,Female,8916.22,Business,3245.37,Rejected,402,Branch_2
73,Customer_73,21,Female,5976.57,Business,1641.91,Pending,549,Branch_1
74,Customer_74,46,Male,6823.11,Savings,3151.04,Rejected,752,Branch_4
75,Customer_75,35,Female,7912.8,Savings,3049.16,Rejected,819,Branch_3
76,Customer_76,43,Male,5034.58,Business,2817.19,Approved,452,Branch_5
77,Customer_77,61,Male,960.51,Savings,1902.1,Pending,473,Branch_1
78,Customer_78,51,Male,5417.35,Checking,2742.5,Approved,642,Branch_2
79,Customer_79,27,Male,5909.73,Checking,2982.43,Approved,730,Branch_3
80,Customer_80,53,Male,7479.85,Savings,2728.43,Approved,623,Branch_2
81,Customer_81,31,Male,4373.43,Business,2222.1,Pending,719,Branch_2
82,Customer_82,48,Female,1363.04,Savings,73.34,Pending,784,Branch_4
83,Customer_83,65,Male,2909.38,Savings,2935.31,Rejected,711,Branch_4
84,Customer_84,32,Male,3694.51,Business,842.22,Approved,383,Branch_3
85,Customer_85,25,Male,6494.58,Business,3212.88,Rejected,412,Branch_5
86,Customer_86,31,Female,5750.71,Checking,3796.72,Approved,631,Branch_3
87,Customer_87,40,Female,3625.36,Business,2502.23,Pending,677,Branch_5
88,Customer_88,57,Male,9866.5,Checking,2711.82,Pending,340,Branch_2
89,Customer_89,38,Female,6097.17,Business,4757.39,Pending,404,Branch_1
90,Customer_90,33,Male,2448.55,Savings,4235.84,Approved,501,Branch_3
91,Customer_91,62,Male,1107.65,Checking,4571.18,Pending,749,Branch_3
92,Customer_92,35,Female,1613.31,Checking,4068.83,Approved,565,Branch_5
93,Customer_93,64,Male,2534.98,Checking,544.59,Rejected,509,Branch_2
94,Customer_94,41,Female,1690.75,Savings,744.96,Approved,417,Branch_2
95,Customer_95,43,Female,1947.01,Savings,2633.12,Rejected,676,Branch_5
96,Customer_96,42,Male,2922.44,Savings,1230.35,Approved,839,Branch_2
97,Customer_97,62,Male,1816.4,Savings,2383.48,Rejected,383,Branch_4
98,Customer_98,58,Female,8977.98,Savings,1971.83,Pending,753,Branch_1
99,Customer_99,46,Male,894.31,Checking,2747.07,Rejected,813,Branch_3
100,Customer_100,32,Male,5292.66,Savings,3734.38,Pending,686,Branch_1
101,Customer_101,62,Male,4162.93,Checking,3577.45,Pending,649,Branch_3
102,Customer_102,18,Female,9825.55,Savings,2606.17,Rejected,595,Branch_4
103,Customer_103,42,Female,1209.19,Business,4111.97,Approved,557,Branch_2
104,Customer_104,24,Male,4038.77,Checking,2154.31,Approved,380,Branch_5
105,Customer_105,26,Female,9697.76,Business,4483.57,Approved,567,Branch_4
106,Customer_106,41,Female,8668.52,Checking,356.4,Approved,718,Branch_1
107,Customer_107,18,Female,8189.01,Business,4773.3,Approved,534,Branch_5
108,Customer_108,61,Female,2653.24,Savings,3273.47,Pending,610,Branch_2
109,Customer_109,25,Female,1791.79,Savings,1900.37,Approved,656,Branch_4
110,Customer_110,41,Male,6719.57,Savings,985.77,Pending,512,Branch_5
111,Customer_111,28,Male,9300.82,Checking,2395.92,Pending,348,Branch_4
112,Customer_112,68,Male,5611.95,Business,972.79,Pending,426,Branch_4
113,Customer_113,34,Female,5758.97,Savings,831.66,Rejected,522,Branch_2
114,Customer_114,25,Female,2871.79,Business,3086.76,Rejected,578,Branch_3
115,Customer_115,52,Male,7717.98,Business,2615.42,Pending,707,Branch_5
116,Customer_116,52,Female,1951.73,Savings,3350.48,Rejected,804,Branch_2
117,Customer_117,50,Male,3304.42,Savings,4648.03,Approved,593,Branch_4
118,Customer_118,22,Male,4311.82,Business,2661.3,Approved,576,Branch_2
119,Customer_119,59,Male,5125.34,Savings,2904.66,Pending,737,Branch_3
120,Customer_120,56,Female,2499.86,Savings,448.13,Approved,406,Branch_5
121,Customer_121,58,Female,1236.88,Savings,3588.18,Pending,719,Branch_3
122,Customer_122,45,Male,6145.14,Checking,1999.53,Pending,728,Branch_1
123,Customer_123,24,Male,2957.44,Business,4883.63,Approved,674,Branch_5
124,Customer_124,26,Male,5854.26,Business,4115.87,Rejected,372,Branch_3
125,Customer_125,25,Male,1628.19,Checking,2612.41,Approved,329,Branch_4
126,Customer_126,29,Female,4863.29,Business,616.11,Approved,487,Branch_5
127,Customer_127,51,Female,5372.64,Savings,4297.08,Pending,663,Branch_5
128,Customer_128,50,Male,613.05,Business,3998.91,Pending,750,Branch_2
129,Customer_129,65,Male,3432.38,Savings,922.93,Pending,494,Branch_4
130,Customer_130,40,Female,1430.71,Checking,1476.39,Pending,455,Branch_1
131,Customer_131,41,Female,727.41,Savings,3967.04,Rejected,471,Branch_3
132,Customer_132,54,Male,9900.61,Business,926.14,Rejected,340,Branch_2
133,Customer_133,52,Male,3291.3,Business,4588.76,Rejected,362,Branch_3
134,Customer_134,61,Male,8117.76,Business,2122.64,Pending,322,Branch_1
135,Customer_135,57,Female,2620.94,Checking,435.19,Pending,659,Branch_1
136,Customer_136,39,Female,6846.88,Checking,4078.74,Pending,374,Branch_5
137,Customer_137,44,Female,7626.26,Business,1867.55,Rejected,417,Branch_1
138,Customer_138,52,Male,5996.82,Savings,2632.5,Pending,679,Branch_3
139,Customer_139,18,Male,4768.6,Checking,561.52,Approved,589,Branch_4
140,Customer_140,52,Female,4177.23,Business,12.92,Approved,739,Branch_4
141,Customer_141,54,Female,3553.8,Business,3189.93,Pending,306,Branch_5
142,Customer_142,64,Male,9302.34,Checking,2575.88,Approved,495,Branch_3
143,Customer_143,31,Female,8323.13,Checking,2967.69,Approved,720,Branch_3
144,Customer_144,20,Female,9653.77,Checking,3968.72,Rejected,492,Branch_1
145,Customer_145,18,Male,1330.54,Savings,3233.03,Pending,447,Branch_3
146,Customer_146,22,Female,7335.59,Savings,873.87,Pending,501,Branch_2
147,Customer_147,43,Male,9389.57,Business,1803.86,Rejected,743,Branch_1
148,Customer_148,31,Male,1894.21,Checking,4529.46,Approved,718,Branch_2
149,Customer_149,56,Male,758.31,Savings,3849.72,Approved,726,Branch_5
150,Customer_150,44,Male,7437.09,Checking,2783.19,Pending,778,Branch_4
151,Customer_151,26,Male,5787.28,Business,1278.22,Approved,774,Branch_5
152,Customer_152,32,Male,8434.1,Savings,1510.3,Rejected,425,Branch_4
153,Customer_153,32,Male,1483.75,Savings,3659.79,Rejected,694,Branch_5
154,Customer_154,43,Female,7973.15,Savings,4255.87,Pending,624,Branch_3
155,Customer_155,59,Male,2096.11,Business,3357.12,Rejected,691,Branch_2
156,Customer_156,30,Male,1720.19,Checking,4047.65,Rejected,739,Branch_4
157,Customer_157,68,Female,1726.23,Savings,3833.28,Pending,503,Branch_1
158,Customer_158,49,Female,8164.29,Business,748.52,Rejected,785,Branch_2
159,Customer_159,56,Female,6685.45,Checking,2119.72,Rejected,330,Branch_1
160,Customer_160,66,Male,5278.35,Business,764.92,Rejected,687,Branch_2
161,Customer_161,69,Female,3652.42,Checking,1176.18,Approved,733,Branch_2
162,Customer_162,49,Male,8784.29,Business,4346.3,Pending,675,Branch_5
163,Customer_163,21,Male,3985.21,Checking,2364.46,Pending,643,Branch_4
164,Customer_164,47,Male,8184.33,Savings,2676.79,Pending,742,Branch_4
165,Customer_165,54,Male,4447.44,Checking,892.23,Approved,374,Branch_2
166,Customer_166,40,Female,3831.75,Business,1561.36,Approved,454,Branch_3
167,Customer_167,56,Female,4680.53,Business,1151.23,Pending,729,Branch_3
168,Customer_168,62,Male,3083.64,Checking,1030.93,Approved,662,Branch_1
169,Customer_169,32,Male,7501.33,Savings,3189.8,Pending,747,Branch_1
170,Customer_170,60,Male,5076.93,Savings,1284.42,Approved,533,Branch_5
171,Customer_171,46,Female,2398.91,Checking,3160.08,Rejected,561,Branch_2
172,Customer_172,53,Male,9005.79,Checking,292.27,Rejected,424,Branch_1
173,Customer_173,30,Male,3900.52,Business,708.87,Pending,544,Branch_1
174,Customer_174,49,Female,5481.17,Savings,1372.7,Approved,841,Branch_2
175,Customer_175,24,Female,9074.07,Checking,2985.23,Approved,784,Branch_5
176,Customer_176,68,Male,6279.96,Savings,3379.21,Rejected,421,Branch_1
177,Customer_177,39,Female,1257.29,Checking,2213.58,Rejected,424,Branch_5
178,Customer_178,45,Female,9404.34,Checking,2228.95,Approved,848,Branch_4
179,Customer_179,19,Male,6314.31,Savings,3622.58,Approved,469,Branch_5
180,Customer_180,59,Female,3415.57,Checking,79.11,Approved,423,Branch_3
181,Customer_181,62,Male,1478.79,Checking,1705.45,Approved,334,Branch_3
182,Customer_182,23,Female,7960.85,Business,4093.54,Approved,386,Branch_5
183,Customer_183,45,Male,6238.72,Checking,3016.1,Approved,500,Branch_3
184,Customer_184,45,Male,5381.26,Checking,1686.14,Pending,668,Branch_4
185,Customer_185,61,Male,8949.54,Checking,4527.62,Approved,376,Branch_2
186,Customer_186,61,Female,7907.11,Business,3863.11,Rejected,358,Branch_3
187,Customer_187,37,Male,1601.58,Savings,1324.48,Pending,730,Branch_3
188,Customer_188,47,Female,3186.05,Business,3226.45,Approved,799,Branch_5
189,Customer_189,28,Male,2560.04,Business,2978.75,Rejected,408,Branch_4
190,Customer_190,45,Male,7465.07,Savings,2005.94,Pending,577,Branch_2
191,Customer_191,42,Female,431.97,Business,1834.78,Rejected,367,Branch_5
192,Customer_192,56,Male,5741.91,Savings,1717.8,Approved,368,Branch_5
193,Customer_193,50,Male,7648.34,Business,3085.78,Approved,464,Branch_4
194,Customer_194,18,Female,8779.98,Savings,2212.05,Approved,788,Branch_2
195,Customer_195,44,Male,3486.61,Checking,4159.32,Approved,604,Branch_4
196,Customer_196,69,Male,8230.45,Business,3348.01,Pending,664,Branch_2
197,Customer_197,30,Male,1195.25,Business,349.66,Pending,678,Branch_4
198,Customer_198,58,Male,8479.88,Business,3200.84,Rejected,642,Branch_5
199,Customer_199,20,Female,1362.14,Business,1355.74,Approved,653,Branch_5
200,Customer_200,56,Female,4033.14,Checking,2964.06,Rejected,715,Branch_1
201,Customer_201,23,Male,7993.22,Business,3400.66,Pending,408,Branch_3
202,Customer_202,25,Female,1584.18,Checking,1154.15,Approved,796,Branch_4
203,Customer_203,44,Male,2369.59,Checking,2284.29,Approved,640,Branch_1
204,Customer_204,26,Female,7250.3,Checking,951.62,Pending,682,Branch_3
205,Customer_205,54,Male,7228.36,Checking,261.69,Pending,832,Branch_4
206,Customer_206,50,Male,6447.36,Savings,1892.38,Pending,599,Branch_2
207,Customer_207,68,Male,6970.09,Savings,1814.72,Pending,438,Branch_3
208,Customer_208,59,Male,5472.97,Business,4977.4,Pending,658,Branch_5
209,Customer_209,61,Male,2592.81,Savings,2231.76,Approved,798,Branch_1
210,Customer_210,41,Male,3522.39,Savings,1667.85,Pending,684,Branch_3
211,Customer_211,32,Female,1897.82,Business,2902.38,Approved,579,Branch_3
212,Customer_212,49,Male,9093.66,Business,443.84,Approved,782,Branch_5
213,Customer_213,49,Female,5875.58,Business,4808.33,Pending,410,Branch_4
214,Customer_214,41,Male,4068.43,Savings,3174.8,Pending,438,Branch_2
215,Customer_215,58,Female,4673.86,Savings,3774.19,Approved,734,Branch_5
216,Customer_216,69,Female,9478.11,Business,852.39,Pending,808,Branch_2
217,Customer_217,66,Female,1618.18,Checking,2047.39,Pending,572,Branch_4
218,Customer_218,66,Male,5903.68,Business,2113.45,Pending,398,Branch_3
219,Customer_219,69,Male,5108.3,Checking,4109.03,Rejected,403,Branch_2
220,Customer_220,29,Female,6153.4,Checking,6.18,Approved,513,Branch_1
221,Customer_221,56,Male,279.29,Business,1504.27,Rejected,464,Branch_1
222,Customer_222,19,Female,8734.03,Business,4906.18,Pending,819,Branch_5
223,Customer_223,20,Male,9327.97,Business,2374.43,Rejected,583,Branch_4
224,Customer_224,66,Female,5694.82,Savings,1912.63,Pending,816,Branch_5
225,Customer_225,54,Female,6996.84,Checking,599.15,Rejected,463,Branch_5
226,Customer_226,66,Male,9232.74,Savings,4870.82,Pending,363,Branch_5
227,Customer_227,34,Female,7101.66,Savings,100.13,Rejected,390,Branch_1
228,Customer_228,66,Male,1610.14,Business,3685.9,Rejected,416,Branch_1
229,Customer_229,19,Female,5805.25,Savings,3843.0,Rejected,566,Branch_5
230,Customer_230,19,Female,6106.48,Business,1218.28,Approved,439,Branch_1
231,Customer_231,45,Male,4298.89,Checking,3357.79,Rejected,545,Branch_4
232,Customer_232,40,Male,7390.8,Business,464.65,Approved,694,Branch_5
233,Customer_233,54,Male,9350.23,Savings,1285.24,Pending,786,Branch_1
234,Customer_234,49,Female,9263.13,Savings,3939.51,Rejected,775,Branch_2
235,Customer_235,50,Male,4563.31,Business,4323.43,Pending,816,Branch_5
236,Customer_236,18,Female,1221.06,Business,3042.43,Pending,483,Branch_5
237,Customer_237,36,Female,9849.93,Savings,2534.19,Rejected,319,Branch_4
238,Customer_238,19,Male,8405.09,Checking,796.52,Approved,823,Branch_3
239,Customer_239,61,Male,1334.16,Checking,315.55,Rejected,828,Branch_3
240,Customer_240,43,Female,9216.33,Business,588.25,Pending,446,Branch_4
241,Customer_241,49,Female,8711.97,Checking,1136.79,Pending,603,Branch_4
242,Customer_242,23,Male,5236.5,Savings,1708.37,Rejected,527,Branch_4
243,Customer_243,49,Male,5953.63,Business,1904.55,Approved,401,Branch_3
244,Customer_244,21,Male,4050.13,Savings,1731.61,Approved,716,Branch_4
245,Customer_245,28,Male,642.14,Savings,1195.28,Pending,515,Branch_1
246,Customer_246,34,Male,3418.45,Checking,2548.62,Pending,706,Branch_5
247,Customer_247,55,Female,8048.25,Business,4126.43,Approved,698,Branch_5
248,Customer_248,41,Female,145.86,Business,1398.52,Rejected,798,Branch_2
249,Customer_249,22,Female,3401.64,Checking,4711.94,Pending,764,Branch_2
250,Customer_250,69,Female,4041.87,Savings,4366.68,Approved,381,Branch_5
251,Customer_251,51,Male,5420.22,Savings,808.82,Pending,664,Branch_1
252,Customer_252,23,Male,9206.57,Savings,3931.38,Rejected,462,Branch_3
253,Customer_253,39,Male,3528.83,Savings,2872.94,Approved,347,Branch_3
254,Customer_254,28,Female,3534.84,Business,2832.88,Pending,810,Branch_1
255,Customer_255,65,Female,7401.26,Business,1955.21,Rejected,628,Branch_3
256,Customer_256,33,Male,4576.96,Checking,2505.76,Pending,415,Branch_4
257,Customer_257,50,Male,2323.59,Checking,1985.89,Rejected,636,Branch_5
258,Customer_258,26,Female,4579.15,Business,2698.66,Rejected,446,Branch_5
259,Customer_259,23,Female,1494.48,Business,3139.75,Approved,622,Branch_1
260,Customer_260,33,Male,1846.23,Savings,3371.52,Rejected,742,Branch_3
261,Customer_261,46,Male,5033.84,Savings,2662.41,Pending,312,Branch_2
262,Customer_262,20,Female,4247.36,Checking,3607.11,Rejected,793,Branch_2
263,Customer_263,37,Male,9156.97,Business,706.39,Rejected,586,Branch_3
264,Customer_264,53,Male,3687.7,Checking,1059.91,Approved,413,Branch_2
265,Customer_265,36,Male,5847.82,Business,4093.68,Rejected,779,Branch_1
266,Customer_266,43,Female,6359.42,Savings,1612.64,Rejected,321,Branch_1
267,Customer_267,20,Female,229.64,Checking,114.47,Pending,648,Branch_3
268,Customer_268,36,Female,6669.02,Checking,768.96,Approved,619,Branch_2
269,Customer_269,37,Female,1862.56,Business,1118.07,Approved,425,Branch_1
270,Customer_270,49,Female,9614.6,Savings,4786.61,Approved,576,Branch_1
271,Customer_271,24,Female,1571.76,Checking,2865.21,Rejected,503,Branch_4
272,Customer_272,69,Female,4204.78,Savings,4663.65,Approved,493,Branch_4
273,Customer_273,58,Male,944.96,Checking,2875.82,Rejected,846,Branch_1
274,Customer_274,50,Male,9969.06,Savings,2396.77,Rejected,585,Branch_3
275,Customer_275,57,Male,5071.73,Business,1568.64,Pending,356,Branch_5
276,Customer_276,56,Male,5994.31,Checking,3031.85,Pending,602,Branch_5
277,Customer_277,35,Male,764.06,Checking,695.99,Pending,462,Branch_1
278,Customer_278,57,Male,7524.61,Savings,4491.31,Pending,318,Branch_1
279,Customer_279,18,Male,2178.07,Savings,4146.66,Pending,669,Branch_1
280,Customer_280,28,Female,8990.74,Checking,1587.66,Rejected,563,Branch_3
281,Customer_281,45,Female,2130.88,Business,4763.99,Rejected,412,Branch_4
282,Customer_282,42,Male,1987.81,Savings,4126.0,Approved,787,Branch_1
283,Customer_283,67,Male,461.84,Savings,3331.53,Rejected,626,Branch_1
284,Customer_284,40,Female,4773.46,Savings,608.81,Rejected,841,Branch_2
285,Customer_285,48,Male,5691.93,Checking,2391.17,Pending,364,Branch_3
286,Customer_286,47,Male,750.52,Checking,2530.54,Rejected,591,Branch_1
287,Customer_287,59,Female,7777.72,Checking,1162.76,Pending,324,Branch_2
288,Customer_288,52,Male,4587.56,Checking,399.83,Approved,848,Branch_5
289,Customer_289,24,Female,5291.46,Business,3883.62,Approved,300,Branch_1
290,Customer_290,33,Male,4463.55,Business,610.18,Rejected,848,Branch_1
291,Customer_291,43,Female,4067.55,Checking,2971.45,Approved,440,Branch_2
292,Customer_292,65,Female,5640.44,Business,4682.25,Rejected,487,Branch_3
293,Customer_293,69,Female,1636.88,Savings,4380.53,Approved,427,Branch_1
294,Customer_294,66,Male,1901.09,Savings,1388.76,Pending,500,Branch_5
295,Customer_295,19,Female,8631.68,Savings,4257.24,Pending,426,Branch_1
296,Customer_296,18,Male,9466.54,Checking,1.66,Pending,556,Branch_5
297,Customer_297,65,Male,3795.76,Savings,88.44,Pending,846,Branch_4
298,Customer_298,29,Male,2780.37,Business,3012.77,Rejected,493,Branch_4
299,Customer_299,22,Male,6475.6,Checking,1823.99,Approved,403,Branch_5
300,Customer_300,54,Female,4146.47,Business,1932.3,Rejected,834,Branch_3
301,Customer_301,49,Female,351.32,Savings,2822.21,Pending,564,Branch_1
302,Customer_302,26,Male,1645.91,Savings,958.91,Rejected,683,Branch_1
303,Customer_303,58,Male,7188.13,Savings,1058.78,Approved,559,Branch_4
304,Customer_304,52,Female,6623.35,Checking,2423.01,Rejected,713,Branch_5
305,Customer_305,36,Male,368.25,Business,3771.27,Approved,657,Branch_1
306,Customer_306,65,Female,2297.52,Checking,3097.49,Rejected,374,Branch_1
307,Customer_307,33,Male,2387.64,Checking,1486.78,Approved,654,Branch_3
308,Customer_308,20,Male,6751.74,Savings,2151.69,Approved,487,Branch_2
309,Customer_309,37,Female,295.13,Checking,853.32,Pending,589,Branch_4
310,Customer_310,41,Male,1130.67,Checking,373.15,Approved,344,Branch_4
311,Customer_311,50,Female,8019.17,Savings,3913.48,Pending,382,Branch_2
312,Customer_312,41,Male,1867.59,Checking,1326.94,Pending,422,Branch_1
313,Customer_313,69,Male,6562.19,Savings,888.83,Pending,657,Branch_3
314,Customer_314,28,Male,2458.01,Savings,3458.09,Rejected,827,Branch_3
315,Customer_315,66,Female,1084.47,Savings,3090.26,Rejected,365,Branch_4
316,Customer_316,25,Male,2507.4,Savings,3165.95,Rejected,674,Branch_3
317,Customer_317,53,Male,7250.44,Checking,1144.47,Rejected,461,Branch_2
318,Customer_318,55,Male,8571.4,Savings,1163.23,Approved,679,Branch_1
319,Customer_319,57,Male,8319.18,Savings,1104.01,Approved,657,Branch_2
320,Customer_320,37,Female,4032.12,Checking,868.76,Rejected,487,Branch_5
321,Customer_321,52,Female,6714.04,Checking,3278.62,Approved,621,Branch_4
322,Customer_322,65,Male,2129.34,Business,4240.08,Approved,749,Branch_3
323,Customer_323,42,Female,3002.16,Checking,3621.59,Pending,773,Branch_5
324,Customer_324,52,Male,8973.72,Checking,3960.47,Pending,312,Branch_3
325,Customer_325,42,Male,228.72,Business,2023.99,Pending,483,Branch_1
326,Customer_326,46,Male,946.53,Checking,3270.38,Pending,410,Branch_1
327,Customer_327,35,Female,2158.07,Checking,1771.18,Approved,807,Branch_1
328,Customer_328,63,Female,362.67,Checking,2627.52,Rejected,589,Branch_3
329,Customer_329,35,Female,1896.21,Checking,2408.17,Approved,594,Branch_5
330,Customer_330,19,Female,5872.11,Business,884.44,Approved,750,Branch_1
331,Customer_331,52,Female,4272.1,Checking,1935.39,Approved,514,Branch_5
332,Customer_332,33,Female,8937.45,Checking,4819.11,Pending,326,Branch_3
333,Customer_333,58,Female,8192.69,Business,1242.9,Pending,530,Branch_5
334,Customer_334,53,Female,3483.99,Savings,669.02,Pending,620,Branch_3
335,Customer_335,50,Female,2668.29,Business,2092.9,Rejected,532,Branch_3
336,Customer_336,21,Male,3858.95,Savings,3951.69,Approved,736,Branch_4
337,Customer_337,50,Female,5943.92,Business,2910.74,Rejected,832,Branch_3
338,Customer_338,31,Female,2753.83,Business,3404.87,Pending,702,Branch_3
339,Customer_339,38,Female,6279.07,Checking,948.47,Rejected,352,Branch_2
340,Customer_340,65,Female,4153.18,Savings,3094.74,Approved,612,Branch_1
341,Customer_341,37,Female,5565.27,Checking,1617.5,Approved,580,Branch_4
342,Customer_342,25,Female,4417.65,Savings,4171.52,Pending,330,Branch_4
343,Customer_343,24,Female,3015.21,Business,3146.49,Pending,636,Branch_4
344,Customer_344,20,Female,9489.69,Business,994.28,Rejected,482,Branch_2
345,Customer_345,34,Female,7659.7,Savings,323.08,Pending,322,Branch_3
346,Customer_346,50,Female,1487.12,Checking,213.17,Pending,843,Branch_1
347,Customer_347,65,Female,8697.83,Checking,1857.04,Approved,745,Branch_5
348,Customer_348,29,Male,4925.57,Checking,1329.26,Pending,373,Branch_3
349,Customer_349,68,Male,8956.07,Checking,3230.45,Pending,309,Branch_2
350,Customer_350,39,Female,8018.57,Business,2496.67,Approved,783,Branch_3
351,Customer_351,39,Female,4309.61,Business,1330.1,Approved,755,Branch_3
352,Customer_352,63,Male,322.45,Business,746.19,Rejected,459,Branch_2
353,Customer_353,47,Female,2759.91,Business,636.0,Pending,313,Branch_4
354,Customer_354,55,Male,5462.18,Business,4323.3,Approved,477,Branch_4
355,Customer_355,55,Male,6371.43,Checking,1217.39,Rejected,711,Branch_1
356,Customer_356,62,Male,2653.09,Checking,3258.55,Rejected,352,Branch_1
357,Customer_357,68,Male,1479.63,Checking,4053.43,Pending,707,Branch_4
358,Customer_358,25,Male,8365.81,Checking,3070.41,Pending,321,Branch_5
359,Customer_359,44,Female,9845.58,Business,4297.83,Rejected,329,Branch_3
360,Customer_360,44,Male,5304.33,Business,1961.97,Approved,559,Branch_5
361,Customer_361,51,Female,1799.62,Business,4781.11,Rejected,504,Branch_3
362,Customer_362,38,Female,2795.84,Savings,665.73,Pending,358,Branch_4
363,Customer_363,47,Male,282.07,Checking,510.75,Approved,770,Branch_1
364,Customer_364,50,Male,9151.56,Checking,3293.46,Approved,765,Branch_1
365,Customer_365,45,Female,1265.74,Business,4714.16,Rejected,311,Branch_5
366,Customer_366,64,Male,5807.51,Checking,4044.42,Pending,589,Branch_1
367,Customer_367,50,Male,2813.15,Checking,382.08,Rejected,653,Branch_4
368,Customer_368,22,Female,5586.36,Business,1396.84,Rejected,374,Branch_5
369,Customer_369,65,Female,6549.06,Savings,4651.59,Rejected,740,Branch_3
370,Customer_370,36,Male,8314.44,Savings,1265.29,Approved,540,Branch_1
371,Customer_371,21,Female,2143.57,Savings,3905.85,Approved,453,Branch_2
372,Customer_372,52,Male,208.86,Business,4125.66,Pending,395,Branch_1
373,Customer_373,66,Male,1455.17,Checking,2477.26,Pending,593,Branch_3
374,Customer_374,34,Male,9010.18,Business,1931.74,Rejected,508,Branch_5
375,Customer_375,61,Female,8751.51,Business,2250.62,Rejected,642,Branch_3
376,Customer_376,45,Female,6014.39,Checking,1134.82,Rejected,387,Branch_2
377,Customer_377,47,Female,6045.12,Savings,4446.95,Pending,689,Branch_4
378,Customer_378,46,Female,6683.86,Savings,2253.1,Approved,624,Branch_1
379,Customer_379,63,Female,1836.18,Business,4412.3,Approved,456,Branch_5
380,Customer_380,23,Male,9152.68,Savings,528.47,Rejected,436,Branch_4
381,Customer_381,52,Male,4245.83,Business,4941.38,Rejected,727,Branch_3
382,Customer_382,58,Male,3893.07,Business,2216.37,Rejected,751,Branch_5
383,Customer_383,54,Male,5237.29,Checking,239.15,Rejected,440,Branch_4
384,Customer_384,41,Female,564.96,Checking,190.11,Pending,382,Branch_5
385,Customer_385,46,Male,1746.21,Checking,3731.04,Approved,476,Branch_2
386,Customer_386,66,Female,7406.53,Business,3295.18,Rejected,497,Branch_2
387,Customer_387,63,Male,919.71,Checking,4010.65,Pending,720,Branch_1
388,Customer_388,48,Female,6071.21,Savings,526.84,Rejected,700,Branch_1
389,Customer_389,52,Female,2528.96,Savings,177.85,Rejected,770,Branch_2
390,Customer_390,50,Male,3954.03,Business,2542.9,Approved,517,Branch_5
391,Customer_391,69,Male,2958.07,Business,1937.98,Rejected,474,Branch_2
392,Customer_392,38,Male,3621.16,Checking,2309.73,Approved,322,Branch_1
393,Customer_393,49,Male,7218.55,Business,4957.94,Approved,534,Branch_2
394,Customer_394,40,Female,3041.5,Business,4853.75,Approved,312,Branch_2
395,Customer_395,50,Male,5707.41,Savings,4711.58,Pending,400,Branch_5
396,Customer_396,20,Male,4812.9,Savings,3919.21,Pending,835,Branch_4
397,Customer_397,35,Female,6670.34,Checking,1774.21,Approved,822,Branch_1
398,Customer_398,42,Male,9374.61,Business,2060.65,Rejected,751,Branch_5
399,Customer_399,59,Male,7352.46,Business,2748.08,Approved,730,Branch_2
400,Customer_400,48,Male,2227.91,Savings,4152.67,Rejected,832,Branch_2
401,Customer_401,20,Male,408.71,Business,343.56,Approved,592,Branch_4
402,Customer_402,57,Male,2696.41,Savings,2121.48,Rejected,400,Branch_1
403,Customer_403,63,Female,5991.27,Checking,413.09,Pending,801,Branch_1
404,Customer_404,41,Male,609.12,Savings,2573.29,Rejected,603,Branch_3
405,Customer_405,67,Male,5014.03,Business,4494.5,Approved,839,Branch_1
406,Customer_406,49,Male,6008.74,Checking,3912.42,Pending,654,Branch_4
407,Customer_407,64,Male,3409.01,Savings,1139.21,Rejected,602,Branch_3
408,Customer_408,39,Male,7732.03,Savings,4879.95,Rejected,795,Branch_3
409,Customer_409,40,Female,1155.32,Checking,3336.75,Rejected,526,Branch_2
410,Customer_410,19,Male,843.86,Checking,52.14,Rejected,535,Branch_2
411,Customer_411,44,Female,7309.07,Savings,1277.07,Rejected,754,Branch_1
412,Customer_412,59,Female,5005.36,Business,1303.57,Pending,312,Branch_3
413,Customer_413,19,Male,6915.18,Savings,346.27,Pending,509,Branch_2
414,Customer_414,43,Male,4404.79,Checking,4799.13,Pending,696,Branch_4
415,Customer_415,34,Male,2539.38,Savings,2391.28,Pending,399,Branch_2
416,Customer_416,57,Male,8209.11,Checking,4479.07,Approved,330,Branch_2
417,Customer_417,50,Female,8014.22,Checking,1611.08,Pending,827,Branch_3
418,Customer_418,26,Male,6977.5,Business,626.17,Rejected,628,Branch_3
419,Customer_419,60,Male,2794.24,Checking,2371.68,Rejected,465,Branch_5
420,Customer_420,65,Male,5943.28,Checking,569.78,Pending,758,Branch_4
421,Customer_421,56,Male,3673.64,Business,2430.08,Rejected,399,Branch_3
422,Customer_422,46,Male,1006.66,Checking,4601.49,Pending,472,Branch_1
423,Customer_423,59,Male,9181.4,Business,2603.84,Rejected,461,Branch_4
424,Customer_424,43,Female,1454.5,Business,3082.5,Approved,562,Branch_4
425,Customer_425,52,Female,9507.35,Checking,783.19,Approved,573,Branch_3
426,Customer_426,67,Male,4515.46,Checking,218.68,Pending,302,Branch_4
427,Customer_427,42,Male,1932.82,Savings,554.04,Pending,327,Branch_3
428,Customer_428,41,Male,5464.82,Business,2992.66,Pending,625,Branch_2
429,Customer_429,30,Female,8742.16,Savings,475.06,Rejected,448,Branch_5
430,Customer_430,24,Male,7349.03,Checking,1879.96,Pending,839,Branch_2
431,Customer_431,53,Female,8084.96,Savings,2750.46,Approved,787,Branch_3
432,Customer_432,62,Male,6621.96,Business,1943.26,Rejected,737,Branch_3
433,Customer_433,37,Male,6953.54,Savings,818.42,Pending,364,Branch_2
434,Customer_434,18,Male,8507.04,Business,1368.96,Rejected,655,Branch_1
435,Customer_435,25,Male,2571.71,Checking,4641.59,Rejected,832,Branch_1
436,Customer_436,63,Female,4945.31,Checking,3379.91,Pending,551,Branch_1
437,Customer_437,33,Female,2289.97,Business,2480.24,Rejected,534,Branch_3
438,Customer_438,31,Male,9877.91,Checking,63.57,Approved,526,Branch_4
439,Customer_439,29,Male,9446.19,Checking,4962.08,Approved,824,Branch_3
440,Customer_440,68,Female,490.33,Checking,3357.27,Rejected,612,Branch_4
441,Customer_441,40,Female,7085.19,Checking,1584.61,Pending,348,Branch_2
442,Customer_442,32,Female,9259.96,Business,4396.34,Rejected,417,Branch_5
443,Customer_443,45,Female,1887.7,Savings,1292.16,Approved,353,Branch_4
444,Customer_444,51,Male,5722.66,Savings,2720.08,Rejected,343,Branch_1
445,Customer_445,19,Female,9163.33,Checking,3180.35,Rejected,352,Branch_3
446,Customer_446,49,Male,436.07,Savings,1105.32,Approved,824,Branch_2
447,Customer_447,40,Female,7004.46,Savings,4891.99,Rejected,401,Branch_1
448,Customer_448,39,Female,3043.76,Checking,3740.96,Rejected,697,Branch_2
449,Customer_449,68,Female,9251.52,Checking,2789.07,Pending,437,Branch_5
450,Customer_450,42,Female,9713.48,Savings,902.97,Pending,686,Branch_3
451,Customer_451,39,Female,9448.24,Business,269.29,Approved,410,Branch_3
452,Customer_452,39,Male,4794.72,Checking,1600.3,Approved,316,Branch_5
453,Customer_453,66,Male,8634.22,Business,3765.94,Approved,481,Branch_3
454,Customer_454,69,Female,8461.04,Savings,1346.66,Pending,835,Branch_4
455,Customer_455,59,Female,3259.09,Checking,2697.78,Approved,840,Branch_2
456,Customer_456,23,Male,8306.26,Business,3639.74,Approved,470,Branch_1
457,Customer_457,32,Female,466.38,Checking,539.72,Approved,708,Branch_5
458,Customer_458,60,Female,6003.07,Savings,3426.49,Pending,677,Branch_4
459,Customer_459,54,Male,2377.09,Business,459.35,Rejected,487,Branch_1
460,Customer_460,50,Female,1293.61,Savings,4825.65,Approved,529,Branch_1
461,Customer_461,25,Female,861.84,Savings,2441.97,Rejected,418,Branch_5
462,Customer_462,61,Male,6993.26,Checking,753.38,Approved,455,Branch_4
463,Customer_463,61,Male,3464.76,Business,1711.92,Rejected,764,Branch_1
464,Customer_464,22,Male,7275.19,Savings,2067.08,Pending,403,Branch_1
465,Customer_465,56,Female,747.03,Savings,3790.93,Pending,801,Branch_4
466,Customer_466,21,Male,3221.37,Business,3717.12,Approved,474,Branch_3
467,Customer_467,23,Male,5440.96,Savings,3059.7,Rejected,720,Branch_1
468,Customer_468,62,Male,7928.16,Savings,529.65,Pending,433,Branch_2
469,Customer_469,49,Male,3255.65,Business,757.85,Approved,690,Branch_4
470,Customer_470,69,Male,6296.32,Business,468.78,Approved,800,Branch_1
471,Customer_471,47,Male,8871.18,Business,2885.86,Pending,332,Branch_5
472,Customer_472,64,Female,6197.05,Business,4385.69,Pending,354,Branch_2
473,Customer_473,52,Female,2406.3,Checking,2169.0,Approved,818,Branch_1
474,Customer_474,57,Male,341.57,Business,804.24,Rejected,311,Branch_2
475,Customer_475,69,Male,8713.98,Checking,2790.21,Rejected,827,Branch_2
476,Customer_476,33,Male,310.57,Checking,4058.76,Rejected,672,Branch_3
477,Customer_477,30,Female,8759.55,Checking,3708.56,Approved,783,Branch_2
478,Customer_478,67,Female,5336.48,Savings,4407.25,Pending,527,Branch_3
479,Customer_479,59,Female,9396.77,Checking,1389.51,Approved,606,Branch_4
480,Customer_480,47,Female,8007.95,Checking,969.77,Pending,756,Branch_3
481,Customer_481,36,Female,9979.55,Savings,4399.08,Rejected,459,Branch_5
482,Customer_482,34,Female,3572.05,Savings,3287.8,Rejected,630,Branch_1
483,Customer_483,36,Female,7695.16,Savings,1554.64,Pending,524,Branch_4
484,Customer_484,45,Female,4079.12,Business,3711.74,Pending,803,Branch_4
485,Customer_485,43,Female,4850.77,Savings,4075.59,Approved,755,Branch_5
486,Customer_486,54,Male,6312.3,Savings,3074.89,Rejected,344,Branch_3
487,Customer_487,43,Male,8749.4,Checking,3439.42,Approved,513,Branch_1
488,Customer_488,40,Male,9842.43,Savings,1876.3,Approved,358,Branch_3
489,Customer_489,26,Male,7705.91,Business,2693.48,Approved,494,Branch_2
490,Customer_490,29,Female,4235.89,Savings,2620.8,Rejected,788,Branch_3
491,Customer_491,18,Female,4271.43,Business,4240.24,Approved,456,Branch_4
492,Customer_492,18,Male,7402.06,Savings,4199.82,Approved,525,Branch_1
493,Customer_493,64,Female,2463.89,Savings,4163.4,Approved,711,Branch_3
494,Customer_494,51,Male,1193.69,Savings,55.16,Approved,504,Branch_1
495,Customer_495,49,Female,3610.76,Savings,3747.73,Approved,378,Branch_1
496,Customer_496,65,Male,2943.67,Business,3793.38,Approved,423,Branch_2
497,Customer_497,42,Female,3033.45,Business,3391.89,Rejected,770,Branch_2
498,Customer_498,57,Female,2412.72,Checking,3781.32,Approved,517,Branch_4
499,Customer_499,62,Male,516.72,Business,4209.85,Pending,815,Branch_5
500,Customer_500,18,Female,276.95,Savings,2351.6,Approved,403,Branch_1
